{"cameraMode":{"drawMode":0,"name":"Shaded","section":"Shading Mode"},"sceneLighting":true,"audioPlay":false,"sceneViewState":{"showFog":true,"showMaterialUpdate":false,"showSkybox":true,"showFlares":true,"showImageEffects":true,"showParticleSystems":true},"in2DMode":false,"pivot":{"x":5.7743000984191898,"y":1.0981546640396119,"z":6.790024280548096},"rotation":{"x":0.033143915235996249,"y":0.6210151314735413,"z":-0.026286600157618524,"w":0.7828192710876465},"size":9.532916069030762,"orthographic":false}