{"cameraMode":{"drawMode":0,"name":"Shaded","section":"Shading Mode"},"sceneLighting":true,"audioPlay":false,"sceneViewState":{"m_AlwaysRefresh":false,"showFog":true,"showSkybox":true,"showFlares":true,"showImageEffects":true,"showParticleSystems":true,"showVisualEffectGraphs":true,"m_FxEnabled":true},"in2DMode":false,"pivot":{"x":6.3325958251953129,"y":2.930999755859375,"z":-0.21499061584472657},"rotation":{"x":0.11506202071905136,"y":0.8832531571388245,"z":-0.29104483127593996,"w":0.34918808937072756},"size":12.794763565063477,"orthographic":false}