{"cameraMode":{"drawMode":0,"name":"Shaded","section":"Shading Mode"},"sceneLighting":true,"audioPlay":false,"sceneViewState":{"m_AlwaysRefresh":false,"showFog":true,"showSkybox":true,"showFlares":true,"showImageEffects":true,"showParticleSystems":true,"showVisualEffectGraphs":true,"m_FxEnabled":true},"in2DMode":false,"pivot":{"x":12.552986145019532,"y":-0.18999981880187989,"z":5.562224864959717},"rotation":{"x":0.03633042797446251,"y":0.8243011832237244,"z":-0.5624945759773254,"w":0.05322330817580223},"size":6.626292705535889,"orthographic":false}