{"cameraMode":{"drawMode":0,"name":"Shaded","section":"Shading Mode"},"sceneLighting":true,"audioPlay":false,"sceneViewState":{"m_AlwaysRefresh":false,"showFog":true,"showSkybox":true,"showFlares":true,"showImageEffects":true,"showParticleSystems":true,"showVisualEffectGraphs":true,"m_FxEnabled":true},"in2DMode":false,"pivot":{"x":0.6794967651367188,"y":2.154956340789795,"z":3.0816731452941896},"rotation":{"x":0.11984872817993164,"y":-0.5338828563690186,"z":0.07676482200622559,"w":0.8335009813308716},"size":11.97515869140625,"orthographic":false}