{"cameraMode":{"drawMode":0,"name":"Shaded","section":"Shading Mode"},"sceneLighting":true,"audioPlay":false,"sceneViewState":{"m_AlwaysRefresh":false,"showFog":true,"showSkybox":true,"showFlares":true,"showImageEffects":true,"showParticleSystems":true,"showVisualEffectGraphs":true,"m_FxEnabled":true},"in2DMode":false,"pivot":{"x":8.166006088256836,"y":0.18499994277954102,"z":9.835803031921387},"rotation":{"x":0.052699774503707889,"y":-0.02373654954135418,"z":0.005356908310204744,"w":0.9987874031066895},"size":13.801666259765625,"orthographic":false}