{"cameraMode":{"drawMode":0,"name":"Shaded","section":"Shading Mode"},"sceneLighting":true,"audioPlay":false,"sceneViewState":{"m_AlwaysRefresh":false,"showFog":true,"showSkybox":true,"showFlares":true,"showImageEffects":true,"showParticleSystems":true,"showVisualEffectGraphs":true,"m_FxEnabled":true},"in2DMode":false,"pivot":{"x":26.034839630126954,"y":-1.1507644653320313,"z":7.356245040893555},"rotation":{"x":0.2560816705226898,"y":0.2871597409248352,"z":-0.07618909329175949,"w":0.9203692674636841},"size":17.058313369750978,"orthographic":false}