{"cameraMode":{"drawMode":0,"name":"Shaded","section":"Shading Mode"},"sceneLighting":true,"audioPlay":false,"sceneViewState":{"m_AlwaysRefresh":false,"showFog":true,"showSkybox":true,"showFlares":true,"showImageEffects":true,"showParticleSystems":true,"showVisualEffectGraphs":true,"m_FxEnabled":true},"in2DMode":false,"pivot":{"x":104.68008422851563,"y":-16.089492797851564,"z":144.31341552734376},"rotation":{"x":0.2709137499332428,"y":0.6975031495094299,"z":-0.31807631254196169,"w":0.5829615592956543},"size":116.27235412597656,"orthographic":false}