{"cameraMode":{"drawMode":0,"name":"Shaded","section":"Shading Mode"},"sceneLighting":true,"audioPlay":false,"sceneViewState":{"m_AlwaysRefresh":false,"showFog":true,"showSkybox":true,"showFlares":true,"showImageEffects":true,"showParticleSystems":true,"showVisualEffectGraphs":true,"m_FxEnabled":true},"in2DMode":false,"pivot":{"x":6.9979047775268559,"y":0.9425418376922607,"z":6.137262344360352},"rotation":{"x":-0.12050050497055054,"y":-0.8126446604728699,"z":0.18114396929740907,"w":-0.5406887531280518},"size":3.6314005851745607,"orthographic":false}